Workbook

Sheet Resumo
A1: Victor Guilherme — PROD1 · aparelhos (api-rastreio-imei + relatorio-reparo, 15/10/2026)
A2: Inclui: tudo que está nos endereços PROD1 e PROD1 PRONTO + reparos abertos (em execução/pausados) no nome do Victor em outros endereços.
A4: Endereço | B4: Situação | C4: Qtd
A5: PROD1 | B5: Aguardando gestão de peças | C5: =COUNTIFS(Aparelhos!A:A,A5,Aparelhos!B:B,B5) -> 1
A6: PROD1 | B6: Aguardando técnico iniciar | C6: =COUNTIFS(Aparelhos!A:A,A6,Aparelhos!B:B,B6) -> 20
A7: PROD1 | B7: Em reparo agora | C7: =COUNTIFS(Aparelhos!A:A,A7,Aparelhos!B:B,B7) -> 2
A8: PROD1 | B8: Pausado | C8: =COUNTIFS(Aparelhos!A:A,A8,Aparelhos!B:B,B8) -> 4
A9: PROD1 | B9: Pausado - pedido de peça | C9: =COUNTIFS(Aparelhos!A:A,A9,Aparelhos!B:B,B9) -> 1
A10: PROD1 | B10: Recebido - aguardando reparo | C10: =COUNTIFS(Aparelhos!A:A,A10,Aparelhos!B:B,B10) -> 9
A11: PROD1 | B11: Reparado - aguardando CQE | C11: =COUNTIFS(Aparelhos!A:A,A11,Aparelhos!B:B,B11) -> 8
A12: PROD1 | B12: Reprovado CQE - aguardando retrabalho | C12: =COUNTIFS(Aparelhos!A:A,A12,Aparelhos!B:B,B12) -> 1
A13: PROD1 PRONTO | B13: Aguardando técnico iniciar | C13: =COUNTIFS(Aparelhos!A:A,A13,Aparelhos!B:B,B13) -> 1
A14: PROD1 PRONTO | B14: Finalizado (aprovado CQE) | C14: =COUNTIFS(Aparelhos!A:A,A14,Aparelhos!B:B,B14) -> 9
A15: PROD1 PRONTO | B15: Pausado | C15: =COUNTIFS(Aparelhos!A:A,A15,Aparelhos!B:B,B15) -> 2
A16: PROD1 PRONTO | B16: Reparado - aguardando CQE | C16: =COUNTIFS(Aparelhos!A:A,A16,Aparelhos!B:B,B16) -> 32
... A26: SALA RECEBIMENTO | B26: Pausado | C26: =COUNTIFS(Aparelhos!A:A,A26,Aparelhos!B:B,B26) -> 1
A27: Total | C27: =SUM(C5:C26) -> 112

Sheet Aparelhos
A1: Endereço atual | B1: Situação | C1: Status WMS | D1: IMEI | E1: OS | F1: NF | G1: Aparelho | H1: Técnico do reparo | I1: Status reparo | J1: Entrada no endereço | K1: Início reparo | L1: Última pausa | M1: Fim reparo | N1: CQE | O1: Peças pedidas
A2: PROD1 | B2: Aguardando gestão de peças | C2: AGUARDANDO_GESTAO_PECAS | D2: 350603385685083 | E2: OS005380 | F2: 326518 | G2: SAMSUNG GALAXY A53 5G 128GB WHITE | I2: em_gestao_pecas | J2: 28/09/2026 06:44
A3: PROD1 | B3: Aguardando técnico iniciar | C3: EM_REPARO | D3: 356003105288389 | E3: OS004303 | F3: 308797 | G3: SAMSUNG GALAXY A70 | I3: aguardando_inicio | J3: 28/09/2026 06:43
A4: PROD1 | B4: Aguardando técnico iniciar | C4: EM_REPARO | D4: 358866080539754 | E4: OS004524 | F4: 308797 | G4: SAMSUNG GALAXY J5 PRIME | I4: aguardando_inicio | J4: 28/09/2026 06:43 | O4: TELA SAMSUNG J5 PRIME - G570 - SEM ARO - SKYTECH PRO - BRANCO / CARCACA + TAMPA SAMSUNG A50 - PRETO / CARCACA SAMSUNG J5 PRIME - ROSA / CONECTOR DE CARGA SAMSUNG J1 - J3 - J4 - J4 CORE - J5 - J5 PRIME - J5 PRO - J6 - J6 PLUS - J7 - J7 P
A5: PROD1 | B5: Aguardando técnico iniciar | C5: EM_REPARO | D5: 356450526533952 | E5: OS004968 | F5: 328264 | G5: SAMSUNG SM-A145M GALAXY A14 128GB PRATA | I5: aguardando_inicio | J5: 28/09/2026 06:44
A6: PROD1 | B6: Aguardando técnico iniciar | C6: EM_REPARO | D6: 354103130786365 | E6: OS005904 | F6: 325351 | G6: SAMSUNG GALAXY S22 128GB BLACK | I6: aguardando_inicio | J6: 28/09/2026 06:44
A7: PROD1 | B7: Aguardando técnico iniciar | C7: EM_REPARO | D7: 354680116226037 | E7: OS008061 | F7: 66686 | G7: SAMSUNG GALAXY S20 128GB BLUE | I7: aguardando_inicio | J7: 02/10/2026 10:02 | O7: TELA SAMSUNG S20 - COM ARO - SKYTECH PRO - PRETO / TAMPA SAMSUNG S20 - PRETO / GAVETA DE CHIP SAMSUNG S20 - PRETO
A8: PROD1 | B8: Aguardando técnico iniciar | C8: EM_REPARO | D8: 354711350709949 | E8: OS008343 | F8: 1950194 | G8: SAMSUNG SM-S908E GALAXY S22 ULTRA 5G 256GB PRETO RECERTIFICADO | I8: aguardando_inicio | J8: 08/10/2026 14:05 | O8: TELA SAMSUNG S22 ULTRA 5G - COM ARO - SKYTECH PRO - PRETO / BATERIA SAMSUNG GALAXY S22 ULTRA (EB-BS908ABY) - DEJI
A9: PROD1 | B9: Aguardando técnico iniciar | C9: EM_REPARO | D9: 351371810287797 | E9: OS008393 | F9: 1950193 | G9: SAMSUNG GALAXY S23 ULTRA 256GB SM-S918B PRETO RECERTIFICADO | I9: aguardando_inicio | J9: 08/10/2026 15:31 | O9: BATERIA SAMSUNG GALAXY S23 ULTRA (EB-BS918ABY) / TELA SAMSUNG S23 ULTRA - COM ARO - SKYTECH PRO - PRETO
A10: PROD1 | B10: Aguardando técnico iniciar | C10: EM_REPARO | D10: 351371810646521 | E10: OS008397 | F10: 1950193 | G10: SAMSUNG GALAXY S23 ULTRA 256GB SM-S918B VERDE RECERTIFICADO | I10: aguardando_inicio | J10: 08/10/2026 15:34 | O10: BATERIA SAMSUNG GALAXY S23 ULTRA (EB-BS918ABY) - NACIONAL
A11: PROD1 | B11: Aguardando técnico iniciar | C11: EM_REPARO | D11: 351371810208702 | E11: OS008401 | F11: 1950194 | G11: SAMSUNG GALAXY S23 ULTRA 256GB SM-S918B VERDE RECERTIFICADO | I11: aguardando_inicio | J11: 08/10/2026 15:38 | O11: BATERIA SAMSUNG GALAXY S23 ULTRA (EB-BS918ABY) - AMAZON / TAMPA SAMSUNG S23 ULTRA 5G - VERDE ESCURO / TELA SAMSUNG S23 ULTRA - COM ARO - SKYTECH PRO - VERDE
A12: PROD1 | B12: Aguardando técnico iniciar | C12: EM_REPARO | D12: 350175610417780 | E12: OS008451 | F12: 1950192 | G12: SM-S918BZAKZTO TELEFONE CELULAR SAMSUNG GALAXY S23 ULTRA 256GB S918B GRAFITE RECERTIFICADO EAN: 7894892050129 | I12: aguardando_inicio | J12: 08/10/2026 16:12 | O12: BATERIA SAMSUNG GALAXY S23 ULTRA (EB-BS918ABY)
A13: PROD1 | B13: Aguardando técnico iniciar | C13: EM_REPARO | D13: 350828560834780 | E13: OS008455 | F13: 1950192 | G13: SAMSUNG GALAXY S23 ULTRA 512GB SM-S918B VERDE RECERTIFICADO | I13: aguardando_inicio | J13: 08/10/2026 16:14 | O13: BATERIA SAMSUNG GALAXY S23 ULTRA (EB-BS918ABY)
A14: PROD1 | B14: Aguardando técnico iniciar | C14: EM_REPARO | D14: 350175611175502 | E14: OS008465 | F14: 1950192 | G14: SAMSUNG GALAXY S23 ULTRA 256GB SM-S918B PRETO RECERTIFICADO | I14: aguardando_inicio | J14: 08/10/2026 16:20 | O14: BATERIA SAMSUNG GALAXY S23 ULTRA (EB-BS918ABY) / TELA SAMSUNG S23 ULTRA - COM ARO - SKYTECH PRO - PRETO
A15: PROD1 | B15: Aguardando técnico iniciar | C15: EM_REPARO | D15: 350175610391688 | E15: OS008468 | F15: 1950192 | G15: SAMSUNG GALAXY S23 ULTRA 256GB SM-S918B PRETO RECERTIFICADO | I15: aguardando_inicio | J15: 08/10/2026 16:21 | O15: CAMERA FRONTAL SAMSUNG S23 ULTRA
A16: PROD1 | B16: Aguardando técnico iniciar | C16: EM_REPARO | D16: 350175611075850 | E16: OS008479 | F16: 1950192 | G16: SAMSUNG GALAXY S23 ULTRA 256GB SM-S918B PRETO RECERTIFICADO | I16: aguardando_inicio | J16: 08/10/2026 16:29
A17: PROD1 | B17: Aguardando técnico iniciar | C17: EM_REPARO | D17: 350175610349256 | E17: OS008530 | F17: 1950192 | G17: SAMSUNG GALAXY S23 ULTRA 256GB SM-S918B VERDE RECERTIFICADO | I17: aguardando_inicio | J17: 08/10/2026 16:50
A18: PROD1 | B18: Aguardando técnico iniciar | C18: EM_REPARO | D18: 350175610099547 | E18: OS008538 | F18: 1950192 | G18: SM-S918BLIKZTO TELEFONE CELULAR SAMSUNG GALAXY S23 256GB SM-S918B BRANCO RECERTIFICADO EAN: 7894892046726 | I18: aguardando_inicio | J18: 08/10/2026 16:52 | O18: BATERIA SAMSUNG GALAXY S23 ULTRA (EB-BS918ABY)
A19: PROD1 | B19: Aguardando técnico iniciar | C19: EM_REPARO | D19: 351371810276121 | E19: OS008546 | F19: 1950192 | G19: SAMSUNG GALAXY S23 ULTRA 256GB SM-S918B PRETO RECERTIFICADO | I19: aguardando_inicio | J19: 08/10/2026 16:57 | O19: BATERIA SAMSUNG GALAXY S23 ULTRA (EB-BS918ABY)
A20: PROD1 | B20: Aguardando técnico iniciar | C20: EM_REPARO | D20: 351742730181700 | E20: OS008558 | F20: 1950192 | G20: SAMSUNG GALAXY S23 ULTRA 512GB SM-S918B CREME RECERTIFICADO | I20: aguardando_inicio | J20: 08/10/2026 17:00 | O20: BATERIA SAMSUNG GALAXY S23 ULTRA (EB-BS918ABY)
A21: PROD1 | B21: Aguardando técnico iniciar | C21: EM_REPARO | D21: 351742730332865 | E21: OS008571 | F21: 1950192 | G21: SAMSUNG GALAXY S23 ULTRA 512GB SM-S918B VERDE RECERTIFICADO | I21: aguardando_inicio | J21: 08/10/2026 17:09 | O21: BATERIA SAMSUNG GALAXY S23 ULTRA (EB-BS918ABY) - AMAZON / TAMPA SAMSUNG S23 ULTRA 5G - VERDE ESCURO / TAMPA SAMSUNG S23 ULTRA 5G - PRETO
A22: PROD1 | B22: Aguardando técnico iniciar | C22: EM_REPARO | D22: 351742730477827 | E22: OS008590 | F22: 1950192 | G22: SAMSUNG GALAXY S23 ULTRA 512GB SM-S918B VERDE RECERTIFICADO | I22: aguardando_inicio | J22: 08/10/2026 17:14 | O22: TAMPA SAMSUNG S23 ULTRA 5G - PRETO / BATERIA SAMSUNG GALAXY S23 ULTRA (EB-BS918ABY) - AMAZON
A23: PROD1 | B23: Em reparo agora | C23: EM_REPARO | D23: 356132585252431 | E23: OS007964 | F23: 61109 | G23: APPLE IPHONE SE2 64GB WHITE | H23: Victor Guilherme | I23: em_execucao | J23: 02/10/2026 09:13 | K23: 08/10/2026 09:51 | O23: BATERIA IPHONE SE 2020 SKYTECH COM FLEX / TELA IPHONE 8 - SE 2020 - SKYTECH PREMIUM - BRANCO
A24: PROD1 | B24: Em reparo agora | C24: EM_REPARO | D24: 350828561016304 | E24: OS008488 | F24: 1950192 | G24: SAMSUNG GALAXY S23 ULTRA 512GB SM-S918B VERDE RECERTIFICADO | H24: Victor Guilherme | I24: em_execucao | J24: 08/10/2026 16:35 | K24: 15/10/2026 10:21 | O24: CANETA SAMSUNG S23 ULTRA -VERDE - NACIONAL
A25: PROD1 | B25: Pausado | C25: REPARO_PAUSADO | D25: 352429897178047 | E25: OS004454 | F25: 308797 | G25: SAMSUNG GALAXY A33 5G | H25: Victor Guilherme | I25: pausado | J25: 28/09/2026 06:43 | K25: 28/09/2026 14:18 | L25: 28/09/2026 14:21
A26: PROD1 | B26: Pausado | C26: REPARO_PAUSADO | D26: 354103135981573 | E26: OS005608 | F26: 325349 | G26: SAMSUNG GALAXY S22 128GB GREEN | H26: Helen | I26: pausado | J26: 28/09/2026 06:44 | K26: 30/09/2026 10:05 | L26: 30/09/2026 12:15 | O26: TAMPA SAMSUNG S22 - PRETO
A27: PROD1 | B27: Pausado | C27: REPARO_PAUSADO | D27: 356876521688450 | E27: OS007943 | F27: 61109 | G27: APPLE IPHONE 15 PRO MAX 256GB TITANIUM BLUE | H27: Victor Guilherme | I27: pausado | J27: 02/10/2026 09:08 | K27: 08/10/2026 09:30 | L27: 08/10/2026 09:49 | O27: BATERIA APPLE IPHONE 15 PRO MAX - SKYTECH - SKYCODE
A28: PROD1 | B28: Pausado | C28: REPARO_PAUSADO | D28: 351371810397208 | E28: OS008279 | F28: 1943173 | G28: SAMSUNG GALAXY S23 ULTRA 256GB SM-S918B PRETO RECERTIFICADO | H28: Victor Guilherme | I28: pausado | J28: 05/10/2026 16:36 | K28: 07/10/2026 07:41 | L28: 07/10/2026 07:57
A29: PROD1 | B29: Pausado - pedido de peça | C29: REPARO_PAUSADO | D29: 358299384867194 | E29: OS005481 | F29: 325348 | G29: SAMSUNG GALAXY A02 32GB RED | H29: Helen | I29: pausado | J29: 28/09/2026 06:44 | K29: 30/09/2026 15:35 | L29: 02/10/2026 11:27 | O29: BATERIA SAMSUNG GALAXY A02 - A12 - A21S - A13 4G 5G - A04S - M13 4G 5G SKYTECH (EB-BA217ABY) / CAMERA FRONTAL SAMSUNG A02 / ALTO FALANTE SAMSUNG A02 - A10 - A13 4G - A20 - A30 - A40 - A50 - M20 - M30 - A7 2018
A30: PROD1 | B30: Recebido - aguardando reparo | C30: RECEBIDA | D30: 359209090027644 | E30: OS004760 | F30: 308797 | G30: SAMSUNG GALAXY J8 64GB PRETO | I30: aguardando_triagem | J30: 28/09/2026 06:43
A31: PROD1 | B31: Recebido - aguardando reparo | C31: RECEBIDA | D31: 350547661486353 | E31: OS005169 | F31: 325830 | G31: SAMSUNG GALAXY A22 128GB C1 | I31: aguardando_triagem | J31: 28/09/2026 06:44
A32: PROD1 | B32: Recebido - aguardando reparo | C32: RECEBIDA | D32: 352861981540759 | E32: OS005350 | F32: 327784 | G32: SAMSUNG GALAXY A23 64GB C1 | I32: aguardando_triagem | J32: 28/09/2026 06:44
A33: PROD1 | B33: Recebido - aguardando reparo | C33: RECEBIDA | D33: 351331724861368 | E33: OS005580 | F33: 325350 | G33: SAMSUNG GALAXY S21 FE 5G 128GB WHITE | I33: aguardando_triagem | J33: 28/09/2026 06:44
A34: PROD1 | B34: Recebido - aguardando reparo | C34: RECEBIDA | D34: 354711350440404 | E34: OS005918 | F34: 324849 | G34: SAMSUNG SM-S908E GALAXY S22 ULTRA 5G 256GB BRANCO RECERTIFICADO | I34: aguardando_triagem | J34: 28/09/2026 06:44
A35: PROD1 | B35: Recebido - aguardando reparo | C35: RECEBIDA | D35: 350389917054648 | E35: OS007192 | F35: 10254 | G35: SAMSUNG GALAXY S23 256GB PRETO - EXCELENTE | I35: aguardando_triagem | J35: 28/09/2026 12:10
A36: PROD1 | B36: Recebido - aguardando reparo | C36: RECEBIDA | D36: 354103130813854 | E36: OS007692 | F36: 2056 | G36: SAMSUNG SM-S901E GALAXY S22 5G 128GB PRETO | I36: aguardando_triagem | J36: 30/09/2026 14:49
A37: PROD1 | B37: Recebido - aguardando reparo | C37: RECEBIDA | D37: 930150707 | E37: OS007768 | F37: 2056 | G37: APARELHOS SAMSUNG | I37: aguardando_triagem | J37: 01/10/2026 09:31
A38: PROD1 | B38: Recebido - aguardando reparo | C38: RECEBIDA | D38: 351742730042175 | E38: OS008485 | F38: 1950192 | G38: SAMSUNG GALAXY S23 ULTRA 512GB SM-S918B CREME RECERTIFICADO | I38: aguardando_triagem | J38: 08/10/2026 16:32
A39: PROD1 | B39: Reparado - aguardando CQE | C39: AGUARDANDO_CQE | D39: 354396704997489 | E39: OS007853 | F39: 61109 | G39: APPLE IPHONE 11 128GB BLACK | H39: Victor Guilherme | I39: finalizado | J39: 02/10/2026 08:31 | K39: 07/10/2026 12:49 | L39: 07/10/2026 13:06 | M39: 08/10/2026 07:44 | O39: TELA IPHONE 11 - SKYTECH PRO - TROCA CI
A40: PROD1 | B40: Reparado - aguardando CQE | C40: AGUARDANDO_CQE | D40: 357032763555804 | E40: OS007979 | F40: 64156 | G40: APPLE IPHONE 13 128GB BLUE | H40: Victor Guilherme | I40: finalizado | J40: 02/10/2026 09:16 | K40: 07/10/2026 14:44 | L40: 07/10/2026 15:00 | M40: 08/10/2026 07:42 | O40: BATERIA IPHONE 13 COM FLEX - SKYTECH - SKYCODE
A41: PROD1 | B41: Reparado - aguardando CQE | C41: AGUARDANDO_CQE | D41: 350407036843673 | E41: OS007990 | F41: 61109 | G41: APPLE IPHONE 13 256GB BLACK | H41: Victor Guilherme | I41: finalizado | J41: 02/10/2026 09:21 | K41: 07/10/2026 14:12 | L41: 07/10/2026 14:28 | M41: 08/10/2026 07:43 | O41: BATERIA IPHONE 13 COM FLEX - SKYTECH - SKYCODE
A42: PROD1 | B42: Reparado - aguardando CQE | C42: AGUARDANDO_CQE | D42: 355130344756297 | E42: OS007998 | F42: 64174 | G42: APPLE IPHONE 13 INT 128GB WHITE | H42: Victor Guilherme | I42: finalizado | J42: 02/10/2026 09:23 | K42: 07/10/2026 15:00 | L42: 07/10/2026 15:09 | M42: 08/10/2026 07:43 | O42: BATERIA IPHONE 13 COM FLEX - SKYTECH - SKYCODE
A43: PROD1 | B43: Reparado - aguardando CQE | C43: AGUARDANDO_CQE | D43: 351742730507060 | E43: OS008064 | F43: 66686 | G43: SAMSUNG GALAXY S23 ULTRA 512GB BLACK | H43: Victor Guilherme | I43: finalizado | J43: 02/10/2026 10:05 | K43: 07/10/2026 12:15 | L43: 07/10/2026 12:41 | M43: 08/10/2026 08:02 | O43: TELA SAMSUNG S23 ULTRA - COM ARO - SKYTECH PRO - PRETO
A44: PROD1 | B44: Reparado - aguardando CQE | C44: AGUARDANDO_CQE | D44: 350828560740508 | E44: OS008275 | F44: 1943173 | G44: SAMSUNG GALAXY S23 ULTRA 512GB VERDE - EXCELENTE | H44: Victor Guilherme | I44: finalizado | J44: 05/10/2026 16:34 | K44: 07/10/2026 08:25 | L44: 07/10/2026 08:52 | M44: 15/10/2026 10:07 | N44: reprovado 09/10/2026 16:27 | O44: TELA SAMSUNG S23 ULTRA - COM ARO - SKYTECH PRO - VERDE
A45: PROD1 | B45: Reparado - aguardando CQE | C45: AGUARDANDO_CQE | D45: 350828560075152 | E45: OS008369 | F45: 1950191 | G45: SAMSUNG GALAXY S23 ULTRA 512GB SM-S918B CREME RECERTIFICADO | H45: Victor Guilherme | I45: finalizado | J45: 08/10/2026 15:15 | K45: 15/10/2026 08:51 | M45: 15/10/2026 08:56 | O45: TAMPA SAMSUNG S23 ULTRA 5G - PRETO
A46: PROD1 | B46: Reparado - aguardando CQE | C46: AGUARDANDO_CQE | D46: 357348078643998 | E46: OS008591 | F46: 1950192 | G46: SM-S918BZAUZTO TELEFONE CELULAR SAMSUNG GALAXY S23 ULTRA 512GB S918B GRAFITE RECERTIFICADO EAN: 7894892050136 | H46: Victor Guilherme | I46: finalizado | J46: 08/10/2026 17:14 | K46: 15/10/2026 09:54 | M46: 15/10/2026 10:06 | O46: BATERIA SAMSUNG GALAXY S23 ULTRA (EB-BS918ABY) - NACIONAL
A47: PROD1 | B47: Reprovado CQE - aguardando retrabalho | C47: EM_REPARO | D47: 350175610131704 | E47: OS008292 | F47: 1943173 | G47: SAMSUNG GALAXY S23 ULTRA 256GB SM-S918B VERDE RECERTIFICADO | H47: Sheila ferreira | I47: aguardando_inicio | J47: 05/10/2026 16:41 | K47: 07/10/2026 11:07 | L47: 07/10/2026 11:36 | M47: 09/10/2026 13:53 | N47: reprovado 09/10/2026 13:56 | O47: TELA SAMSUNG S23 ULTRA - COM ARO - SKYTECH PRO - VERDE
A48: PROD1 PRONTO | B48: Aguardando técnico iniciar | C48: EM_REPARO | D48: 357104093259975 | E48: OS007213 | F48: 1234 | G48: BRZDEV11533 | I48: aguardando_inicio | J48: 29/09/2026 15:43 | O48: TELA SAMSUNG J7 PRIME 2 - SEM ARO - SKYTECH PRO - PRETO / CARCACA SAMSUNG J7 PRIME - PRETO / BATERIA SAMSUNG GALAXY J4 CORE - J4 PLUS - J6 PLUS - J7 PRIME - J7 PRIME 2 - SKYTECH (BG610)
A49: PROD1 PRONTO | B49: Finalizado (aprovado CQE) | C49: FINALIZADA | D49: 351331720420607 | E49: OS000210 | F49: 63834 | G49: SAMSUNG GALAXY S21 FE 5G 128GB BLACK | H49: Victor Guilherme | I49: finalizado | J49: 19/09/2026 11:36 | K49: 12/10/2026 10:42 | L49: 12/10/2026 10:42 | M49: 13/10/2026 12:19 | N49: aprovado 14/10/2026 15:52 | O49: BATERIA SAMSUNG GALAXY S21 FE (EB-BG990ABY) - DEJI
A50: PROD1 PRONTO | B50: Finalizado (aprovado CQE) | C50: FINALIZADA | D50: 357521600097376 | E50: OS000378 | F50: 63834 | G50: SAMSUNG GALAXY S22 PLUS 128GB BLACK | H50: Victor Guilherme | I50: finalizado | J50: 19/09/2026 13:11 | K50: 05/10/2026 11:36 | L50: 05/10/2026 12:09 | M50: 13/10/2026 14:22 | N50: aprovado 15/10/2026 08:51 | O50: GAVETA DE CHIP SAMSUNG S22 PLUS - PRETO / TAMPA SAMSUNG S22 PLUS - PRETO
A51: PROD1 PRONTO | B51: Finalizado (aprovado CQE) | C51: FINALIZADA | D51: 354103136163478 | E51: OS000403 | F51: 63834 | G51: SAMSUNG GALAXY S22 128GB RGLD | H51: Victor Guilherme | I51: finalizado | J51: 19/09/2026 13:18 | K51: 08/10/2026 11:57 | L51: 08/10/2026 12:16 | M51: 13/10/2026 10:45 | N51: aprovado 14/10/2026 15:56 | O51: TELA SAMSUNG S22 - COM ARO - SKYTECH PRO - PRETO / TAMPA SAMSUNG S22 - PRETO / GAVETA DE CHIP SAMSUNG S22 - PRETO
A52: PROD1 PRONTO | B52: Finalizado (aprovado CQE) | C52: FINALIZADA | D52: 354103135545089 | E52: OS005186 | F52: 325830 | G52: SAMSUNG GALAXY S22 5G 128GB C1 | H52: Victor Guilherme | I52: finalizado | J52: 28/09/2026 06:44 | K52: 05/10/2026 10:10 | L52: 05/10/2026 10:14 | M52: 13/10/2026 14:46 | N52: aprovado 14/10/2026 14:16
A53: PROD1 PRONTO | B53: Finalizado (aprovado CQE) | C53: FINALIZADA | D53: 354103135139313 | E53: OS006829 | F53: 327591 | G53: SAMSUNG GALAXY S22 128GB RGLD | H53: Victor Guilherme | I53: finalizado | J53: 28/09/2026 06:58 | K53: 07/10/2026 10:58 | L53: 07/10/2026 10:58 | M53: 09/10/2026 12:23 | N53: aprovado 14/10/2026 12:03 | O53: TAMPA SAMSUNG S22 - PRETO / GAVETA DE CHIP SAMSUNG S22 - PRETO
A54: PROD1 PRONTO | B54: Finalizado (aprovado CQE) | C54: FINALIZADA | D54: 350795230217318 | E54: OS007022 | F54: 327955 | G54: SAMSUNG GALAXY S23+ 256GB A1 | H54: Victor Guilherme | I54: finalizado | J54: 28/09/2026 06:59 | K54: 09/10/2026 14:06 | M54: 09/10/2026 14:34 | N54: aprovado 14/10/2026 11:51 | O54: TAMPA SAMSUNG S23 PLUS - PRETO / GAVETA DE CHIP SAMSUNG GALAXY S23 PLUS - PRETO
A55: PROD1 PRONTO | B55: Finalizado (aprovado CQE) | C55: FINALIZADA | D55: 350168310047882 | E55: OS008149 | F55: 1943173 | G55: SAMSUNG GALAXY S23 128GB SM-S911B PRETO RECERTIFICADO | H55: Victor Guilherme | I55: finalizado | J55: 05/10/2026 15:32 | K55: 13/10/2026 15:40 | M55: 13/10/2026 15:57 | N55: aprovado 14/10/2026 13:05 | O55: BATERIA SAMSUNG GALAXY S23 - (EB-BS911ABA - EB-BS912ABY) / TELA SAMSUNG S23 - COM ARO - SKYTECH PRO - PRETO
A56: PROD1 PRONTO | B56: Finalizado (aprovado CQE) | C56: FINALIZADA | D56: 354103131038592 | E56: OS008167 | F56: 1943171 | G56: SAMSUNG SM-S901E GALAXY S22 5G 128GB VERDE RECERTIFICADO | H56: Victor Guilherme | I56: finalizado | J56: 05/10/2026 15:43 | K56: 09/10/2026 16:17 | M56: 09/10/2026 16:26 | N56: aprovado 14/10/2026 12:17 | O56: BATERIA SAMSUNG GALAXY S22 5G - (EB-BS901ABY) - DEJI
A57: PROD1 PRONTO | B57: Finalizado (aprovado CQE) | C57: FINALIZADA | D57: 354103130409315 | E57: OS008228 | F57: 1943173 | G57: SAMSUNG SM-S901E GALAXY S22 5G 128GB VERDE RECERTIFICADO | H57: Victor Guilherme | I57: finalizado | J57: 05/10/2026 16:16 | K57: 09/10/2026 11:18 | M57: 09/10/2026 11:26 | N57: aprovado 14/10/2026 11:52 | O57: BATERIA SAMSUNG GALAXY S22 5G - (EB-BS901ABY) - DEJI
A58: PROD1 PRONTO | B58: Pausado | C58: REPARO_PAUSADO | D58: 359657170812618 | E58: OS005902 | F58: 324477 | G58: MOTOROLA RAZR 40 | H58: Victor Guilherme | I58: pausado | J58: 28/09/2026 06:44 | K58: 30/09/2026 12:39 | L58: 30/09/2026 12:54
A59: PROD1 PRONTO | B59: Pausado | C59: REPARO_PAUSADO | D59: 351467537988079 | E59: OS007925 | F59: 64156 | G59: APPLE IPHONE 13 128GB BLUE | H59: Victor Guilherme | I59: pausado | J59: 02/10/2026 08:59 | K59: 07/10/2026 15:55 | L59: 07/10/2026 16:14 | O59: BATERIA IPHONE 13 COM FLEX - SKYTECH - SKYCODE
A60: PROD1 PRONTO | B60: Reparado - aguardando CQE | C60: AGUARDANDO_CQE | D60: 350823460471130 | E60: OS000341 | F60: 63834 | G60: SAMSUNG GALAXY S23 128GB GREEN | H60: Victor Guilherme | I60: finalizado | J60: 19/09/2026 12:55 | K60: 05/10/2026 09:31 | L60: 05/10/2026 10:15 | M60: 13/10/2026 11:45 | N60: reprovado 01/10/2026 16:14 | O60: TELA SAMSUNG S23 - COM ARO - SKYTECH PRO - VERDE
A61: PROD1 PRONTO | B61: Reparado - aguardando CQE | C61: AGUARDANDO_CQE | D61: 351331722271701 | E61: OS000352 | F61: 63834 | G61: SAMSUNG GALAXY S21 FE 5G 128GB BLACK | H61: Victor Guilherme | I61: finalizado | J61: 19/09/2026 12:59 | K61: 05/10/2026 10:27 | L61: 05/10/2026 10:42 | M61: 14/10/2026 09:14 | N61: reprovado 01/10/2026 16:16 | O61: TAMPA SAMSUNG S21 FE 5G - PRETO (GRAFITE)
A62: PROD1 PRONTO | B62: Reparado - aguardando CQE | C62: AGUARDANDO_CQE | D62: 356742451826157 | E62: OS004451 | F62: 308797 | G62: MOTOROLA MOTO G30 | H62: Victor Guilherme | I62: finalizado | J62: 28/09/2026 06:43 | K62: 28/09/2026 14:29 | L62: 13/10/2026 11:02 | M62: 15/10/2026 08:12 | N62: reprovado 06/10/2026 15:51 | O62: TAMPA MOTO G30 - DARK PRISMA
A63: PROD1 PRONTO | B63: Reparado - aguardando CQE | C63: AGUARDANDO_CQE | D63: 350948900476801 | E63: OS004508 | F63: 308797 | G63: SAMSUNG GALAXY S21 5G | H63: Victor Guilherme | I63: finalizado | J63: 28/09/2026 06:43 | K63: 02/10/2026 13:59 | L63: 12/10/2026 10:26 | M63: 14/10/2026 09:34 | N63: reprovado 06/10/2026 10:37 | O63: TELA SAMSUNG S21 5G - COM ARO - SKYTECH PRO - PRETO / TAMPA SAMSUNG S21 - PRETO / GAVETA DE CHIP SAMSUNG S21 - PRETO - PHANTOM GRAY
A64: PROD1 PRONTO | B64: Reparado - aguardando CQE | C64: AGUARDANDO_CQE | D64: 359143270029379 | E64: OS004961 | F64: 328264 | G64: SMARTPHONE SAMSUNG GALAXY S25 5G 256GB PRATA - SM-S931BZSKZTO RECERTIFICADO EAN: 7894892069121 | H64: Victor Guilherme | I64: finalizado | J64: 28/09/2026 06:44 | K64: 09/10/2026 12:28 | M64: 09/10/2026 13:02 | O64: BATERIA SAMSUNG GALAXY S25 (SM-S931) - DEJI / GAVETA DE CHIP SAMSUNG S25 - PRETO / TAMPA SAMSUNG S25 - PRETO
A65: PROD1 PRONTO | B65: Reparado - aguardando CQE | C65: AGUARDANDO_CQE | D65: 350795230050354 | E65: OS006938 | F65: 325829 | G65: SAMSUNG GALAXY S23+ 256GB A1 | H65: Victor Guilherme | I65: finalizado | J65: 28/09/2026 06:59 | K65: 02/10/2026 09:54 | L65: 02/10/2026 10:20 | M65: 13/10/2026 14:15
A66: PROD1 PRONTO | B66: Reparado - aguardando CQE | C66: AGUARDANDO_CQE | D66: 351331725691848 | E66: OS006977 | F66: 327955 | G66: SAMSUNG GALAXY S21 FE 5G 128GB C1 | H66: Victor Guilherme | I66: finalizado | J66: 28/09/2026 06:59 | K66: 08/10/2026 12:28 | M66: 08/10/2026 12:44 | O66: BATERIA SAMSUNG GALAXY S21 FE (EB-BG990ABY) - DEJI / CAMERA TRASEIRA SAMSUNG S21 FE - COMPLETA / CAMERA FRONTAL SAMSUNG GALAXY S21 FE / TAMPA SAMSUNG S21 FE 5G - PRETO (GRAFITE) / TELA SAMSUNG S21 FE 5G - COM ARO - SKYTECH PRO - PRETO
A67: PROD1 PRONTO | B67: Reparado - aguardando CQE | C67: AGUARDANDO_CQE | D67: 351331720625346 | E67: OS006981 | F67: 327955 | G67: SAMSUNG GALAXY S21 FE 5G 128GB B1 | H67: Victor Guilherme | I67: finalizado | J67: 28/09/2026 06:59 | K67: 01/10/2026 18:45 | L67: 01/10/2026 18:45 | M67: 08/10/2026 16:32 | O67: TAMPA SAMSUNG S21 FE 5G - PRETO (GRAFITE) / GAVETA DE CHIP SAMSUNG S21 FE 5G - PRETO
A68: PROD1 PRONTO | B68: Reparado - aguardando CQE | C68: AGUARDANDO_CQE | D68: 352235586185841 | E68: OS007867 | F68: 61109 | G68: APPLE IPHONE SE2 64GB BLACK | H68: Victor Guilherme | I68: finalizado | J68: 02/10/2026 08:35 | K68: 08/10/2026 10:17 | M68: 08/10/2026 10:44 | O68: TELA IPHONE 8 - SE 2020 - SKYTECH PREMIUM - PRETO
A69: PROD1 PRONTO | B69: Reparado - aguardando CQE | C69: AGUARDANDO_CQE | D69: 359642652818077 | E69: OS007914 | F69: 64156 | G69: APPLE IPHONE 15 PRO INT 256GB TITANIUM BLACK | H69: Victor Guilherme | I69: finalizado | J69: 02/10/2026 08:56 | K69: 08/10/2026 08:45 | M69: 08/10/2026 09:11 | O69: BATERIA APPLE IPHONE 15 PRO - SKYTECH - SKYCODE
A70: PROD1 PRONTO | B70: Reparado - aguardando CQE | C70: AGUARDANDO_CQE | D70: 357331091201952 | E70: OS007919 | F70: 61109 | G70: APPLE IPHONE XR 128GB BLK | H70: Victor Guilherme | I70: finalizado | J70: 02/10/2026 08:57 | K70: 08/10/2026 15:37 | M70: 08/10/2026 16:01 | O70: TELA IPHONE XR - SKYTECH PREMIUM / BATERIA IPHONE XR COM FLEX SKYTECH
A71: PROD1 PRONTO | B71: Reparado - aguardando CQE | C71: AGUARDANDO_CQE | D71: 351082467798982 | E71: OS007923 | F71: 63593 | G71: APPLE IPHONE 11 128GB PURPLE | H71: Victor Guilherme | I71: finalizado | J71: 02/10/2026 08:58 | K71: 08/10/2026 14:03 | M71: 08/10/2026 14:41 | O71: BATERIA IPHONE 11 SKYTECH COM FLEX
A72: PROD1 PRONTO | B72: Reparado - aguardando CQE | C72: AGUARDANDO_CQE | D72: 353076104040178 | E72: OS007975 | F72: 61109 | G72: APPLE IPHONE XR 128GB WHT | H72: Victor Guilherme | I72: finalizado | J72: 02/10/2026 09:16 | K72: 08/10/2026 15:18 | M72: 08/10/2026 15:30 | O72: BATERIA IPHONE XR COM FLEX SKYTECH
A73: PROD1 PRONTO | B73: Reparado - aguardando CQE | C73: AGUARDANDO_CQE | D73: 350108842415009 | E73: OS008022 | F73: 64156 | G73: APPLE IPHONE 13 INT 128GB BLUE | H73: Victor Guilherme | I73: finalizado | J73: 02/10/2026 09:30 | K73: 08/10/2026 14:45 | L73: 08/10/2026 15:05 | M73: 08/10/2026 15:11 | O73: BATERIA IPHONE 13 COM FLEX - SKYTECH - SKYCODE
A74: PROD1 PRONTO | B74: Reparado - aguardando CQE | C74: AGUARDANDO_CQE | D74: 354680115913676 | E74: OS008057 | F74: 66686 | G74: SAMSUNG GALAXY S20 128GB GRAY | H74: Victor Guilherme | I74: finalizado | J74: 02/10/2026 09:59 | K74: 14/10/2026 15:57 | L74: 14/10/2026 16:19 | M74: 14/10/2026 16:40 | O74: TELA SAMSUNG S20 - COM ARO - SKYTECH PRO - PRETO / TAMPA SAMSUNG S20 - PRETO / GAVETA DE CHIP SAMSUNG S20 - PRETO
A75: PROD1 PRONTO | B75: Reparado - aguardando CQE | C75: AGUARDANDO_CQE | D75: 354103135553273 | E75: OS008140 | F75: 1943171 | G75: SAMSUNG SM-S901E GALAXY S22 5G 128GB PRETO | H75: Victor Guilherme | I75: finalizado | J75: 05/10/2026 15:26 | K75: 09/10/2026 15:38 | M75: 09/10/2026 15:51 | O75: BATERIA SAMSUNG GALAXY S22 5G - (EB-BS901ABY) - DEJI
A76: PROD1 PRONTO | B76: Reparado - aguardando CQE | C76: AGUARDANDO_CQE | D76: 354103136196056 | E76: OS008141 | F76: 1943171 | G76: SAMSUNG SM-S901E GALAXY S22 5G 128GB PRETO | H76: Victor Guilherme | I76: finalizado | J76: 05/10/2026 15:27 | K76: 14/10/2026 10:44 | M76: 14/10/2026 10:52 | O76: BATERIA SAMSUNG GALAXY S22 5G (EB-BS901ABY)
A77: PROD1 PRONTO | B77: Reparado - aguardando CQE | C77: AGUARDANDO_CQE | D77: 354103136432246 | E77: OS008193 | F77: 1943171 | G77: SAMSUNG SM-S901E GALAXY S22 5G 128GB PRETO | H77: Victor Guilherme | I77: finalizado | J77: 05/10/2026 15:55 | K77: 09/10/2026 15:27 | M77: 09/10/2026 15:38 | O77: BATERIA SAMSUNG GALAXY S22 5G - (EB-BS901ABY) - DEJI
A78: PROD1 PRONTO | B78: Reparado - aguardando CQE | C78: AGUARDANDO_CQE | D78: 354103135632481 | E78: OS008218 | F78: 1943171 | G78: SAMSUNG SM-S901E GALAXY S22 5G 128GB VERDE RECERTIFICADO | H78: Victor Guilherme | I78: finalizado | J78: 05/10/2026 16:11 | K78: 09/10/2026 15:53 | M78: 09/10/2026 16:11 | O78: BATERIA SAMSUNG GALAXY S22 5G - (EB-BS901ABY) - DEJI
A79: PROD1 PRONTO | B79: Reparado - aguardando CQE | C79: AGUARDANDO_CQE | D79: 354103136064502 | E79: OS008237 | F79: 1943173 | G79: SAMSUNG SM-S901E GALAXY S22 5G 128GB ROSE RECERTIFICADO | H79: Victor Guilherme | I79: finalizado | J79: 05/10/2026 16:20 | K79: 13/10/2026 10:00 | M79: 13/10/2026 10:27 | O79: TELA SAMSUNG S22 - COM ARO - SKYTECH PRO - PRETO / TAMPA SAMSUNG S22 - PRETO / GAVETA DE CHIP SAMSUNG S22 - PRETO / BATERIA SAMSUNG GALAXY S22 5G - (EB-BS901ABY) - DEJI
A80: PROD1 PRONTO | B80: Reparado - aguardando CQE | C80: AGUARDANDO_CQE | D80: 354103130775947 | E80: OS008248 | F80: 1943171 | G80: SAMSUNG SM-S901E GALAXY S22 5G 128GB PRETO | H80: Victor Guilherme | I80: finalizado | J80: 05/10/2026 16:24 | K80: 15/10/2026 08:09 | M80: 15/10/2026 08:09 | O80: BATERIA SAMSUNG GALAXY S22 5G - (EB-BS901ABY) - DEJI / TELA SAMSUNG S22 - COM ARO - SKYTECH PRO - PRETO
A81: PROD1 PRONTO | B81: Reparado - aguardando CQE | C81: AGUARDANDO_CQE | D81: 354103130173366 | E81: OS008254 | F81: 1943171 | G81: SAMSUNG SM-S901E GALAXY S22 5G 128GB VERDE RECERTIFICADO | H81: Victor Guilherme | I81: finalizado | J81: 05/10/2026 16:27 | K81: 14/10/2026 09:57 | M81: 14/10/2026 10:25 | O81: BATERIA SAMSUNG GALAXY S22 5G - (EB-BS901ABY) - DEJI
A82: PROD1 PRONTO | B82: Reparado - aguardando CQE | C82: AGUARDANDO_CQE | D82: 354103130935293 | E82: OS008256 | F82: 1943171 | G82: SAMSUNG SM-S901E GALAXY S22 5G 128GB PRETO | H82: Victor Guilherme | I82: finalizado | J82: 05/10/2026 16:27 | K82: 14/10/2026 10:30 | M82: 14/10/2026 10:44 | O82: TAMPA SAMSUNG S22 - PRETO / BATERIA SAMSUNG GALAXY S22 5G (EB-BS901ABY)
A83: PROD1 PRONTO | B83: Reparado - aguardando CQE | C83: AGUARDANDO_CQE | D83: 354103136346610 | E83: OS008274 | F83: 1943173 | G83: SAMSUNG SM-S901E GALAXY S22 5G 128GB BRANCO RECERTIFICADO | H83: Victor Guilherme | I83: finalizado | J83: 05/10/2026 16:34 | K83: 09/10/2026 10:02 | M83: 09/10/2026 10:21 | O83: BATERIA SAMSUNG GALAXY S22 5G - (EB-BS901ABY) - DEJI / TELA SAMSUNG S22 - COM ARO - SKYTECH PRO - PRATA
A84: PROD1 PRONTO | B84: Reparado - aguardando CQE | C84: AGUARDANDO_CQE | D84: 350823460122394 | E84: OS008287 | F84: 1943173 | G84: SAMSUNG GALAXY S23 128GB SM-S911B PRETO RECERTIFICADO | H84: Victor Guilherme | I84: finalizado | J84: 05/10/2026 16:39 | K84: 14/10/2026 12:10 | M84: 14/10/2026 12:18 | O84: BATERIA SAMSUNG GALAXY S23 - (EB-BS911ABA - EB-BS912ABY) / TELA SAMSUNG S23 - COM ARO - SKYTECH PRO - PRETO
A85: PROD1 PRONTO | B85: Reparado - aguardando CQE | C85: AGUARDANDO_CQE | D85: 350823460228795 | E85: OS008487 | F85: 1950192 | G85: SAMSUNG GALAXY S23 128GB SM-S911B VERDE RECERTIFICADO | H85: Victor Guilherme | I85: finalizado | J85: 08/10/2026 16:35 | K85: 14/10/2026 12:39 | M85: 14/10/2026 12:54 | O85: BATERIA SAMSUNG GALAXY S23 - (EB-BS911ABA - EB-BS912ABY)
A86: PROD1 PRONTO | B86: Reparado - aguardando CQE | C86: AGUARDANDO_CQE | D86: 350168310249181 | E86: OS008496 | F86: 1950192 | G86: SAMSUNG GALAXY S23 128GB SM-S911B CREME RECERTIFICADO | H86: Victor Guilherme | I86: finalizado | J86: 08/10/2026 16:37 | K86: 14/10/2026 15:01 | M86: 15/10/2026 08:15 | O86: BATERIA SAMSUNG GALAXY S23 - (EB-BS911ABA - EB-BS912ABY)
A87: PROD1 PRONTO | B87: Reparado - aguardando CQE | C87: AGUARDANDO_CQE | D87: 351428310298607 | E87: OS008509 | F87: 1950192 | G87: SAMSUNG GALAXY S23 256GB SM-S911B CREME RECERTIFICADO | H87: Victor Guilherme | I87: finalizado | J87: 08/10/2026 16:44 | K87: 14/10/2026 11:22 | L87: 14/10/2026 11:31 | M87: 14/10/2026 11:49 | O87: BATERIA SAMSUNG GALAXY S23 - (EB-BS911ABA - EB-BS912ABY)
A88: PROD1 PRONTO | B88: Reparado - aguardando CQE | C88: AGUARDANDO_CQE | D88: 350168310857520 | E88: OS008517 | F88: 1950192 | G88: SAMSUNG GALAXY S23 128GB SM-S911B VERDE RECERTIFICADO | H88: Victor Guilherme | I88: finalizado | J88: 08/10/2026 16:47 | K88: 14/10/2026 15:23 | M88: 14/10/2026 15:36 | O88: BATERIA SAMSUNG GALAXY S23 - (EB-BS911ABA - EB-BS912ABY)
A89: PROD1 PRONTO | B89: Reparado - aguardando CQE | C89: AGUARDANDO_CQE | D89: 350168310032025 | E89: OS008518 | F89: 1950192 | G89: SAMSUNG GALAXY S23 128GB SM-S911B VIOLETA RECERTIFICADO | H89: Victor Guilherme | I89: finalizado | J89: 08/10/2026 16:47 | K89: 14/10/2026 15:37 | M89: 14/10/2026 15:53 | O89: BATERIA SAMSUNG GALAXY S23 - (EB-BS911ABA - EB-BS912ABY)
A90: PROD1 PRONTO | B90: Reparado - aguardando CQE | C90: AGUARDANDO_CQE | D90: 350599270184069 | E90: OS008607 | F90: 1950192 | G90: SAMSUNG GALAXY S23 256GB SM-S911B PRETO RECERTIFICADO | H90: Victor Guilherme | I90: finalizado | J90: 08/10/2026 17:18 | K90: 14/10/2026 14:26 | M90: 14/10/2026 15:00 | O90: BATERIA SAMSUNG GALAXY S23 - (EB-BS911ABA - EB-BS912ABY)
A91: PROD1 PRONTO | B91: Reparado - aguardando CQE | C91: AGUARDANDO_CQE | D91: 350599270969071 | E91: OS008609 | F91: 1950192 | G91: SAMSUNG GALAXY S23 256GB SM-S911B PRETO RECERTIFICADO | H91: Victor Guilherme | I91: finalizado | J91: 08/10/2026 17:20 | K91: 14/10/2026 14:07 | M91: 14/10/2026 14:24 | O91: BATERIA SAMSUNG GALAXY S23 - (EB-BS911ABA - EB-BS912ABY)
A92: PROD1 PRONTO | B92: Reprovado CQE - aguardando retrabalho | C92: EM_REPARO | D92: 351331724231885 | E92: OS000187 | F92: 63834 | G92: SAMSUNG GALAXY S21 FE 5G 128GB BLACK | H92: Victor Guilherme | I92: aguardando_inicio | J92: 19/09/2026 11:10 | K92: 05/10/2026 08:48 | L92: 05/10/2026 08:55 | M92: 08/10/2026 07:34 | N92: reprovado 13/10/2026 09:50
A93: PROD1 PRONTO | B93: Reprovado CQE - aguardando retrabalho | C93: EM_REPARO | D93: 350948900481090 | E93: OS005012 | F93: 328015 | G93: SAMSUNG GALAXY S21 5G 128GB BRANCO | H93: Sheila ferreira | I93: aguardando_inicio | J93: 28/09/2026 06:44 | K93: 05/10/2026 14:42 | L93: 05/10/2026 15:05 | M93: 07/10/2026 15:51 | N93: reprovado 07/10/2026 15:52
A94: PROD1 PRONTO | B94: Reprovado CQE - aguardando retrabalho | C94: EM_REPARO | D94: 354103135399487 | E94: OS005138 | F94: 325831 | G94: SAMSUNG GALAXY S22 5G 128GB B1 | H94: Victor Guilherme | I94: aguardando_inicio | J94: 28/09/2026 06:44 | K94: 28/09/2026 15:49 | L94: 28/09/2026 15:50 | M94: 13/10/2026 11:23 | N94: reprovado 14/10/2026 11:48
A95: PROD1 PRONTO | B95: Reprovado CQE - aguardando retrabalho | C95: EM_REPARO | D95: 351331726457512 | E95: OS007003 | F95: 327955 | G95: SAMSUNG GALAXY S21 FE 5G 128GB A1 | H95: Victor Guilherme | I95: aguardando_inicio | J95: 28/09/2026 06:59 | K95: 09/10/2026 15:09 | M95: 09/10/2026 15:20 | N95: reprovado 14/10/2026 11:09 | O95: VIBRA CALL SAMSUNG S21 FE / TELA SAMSUNG S21 FE 5G - COM ARO - SKYTECH PRO - PRETO
A96: PROD1 PRONTO | B96: Reprovado CQE - aguardando retrabalho | C96: EM_REPARO | D96: 350332470226518 | E96: OS008030 | F96: 66686 | G96: SAMSUNG GALAXY S23 PLUS 512GB GRAY | H96: Victor Guilherme | I96: aguardando_inicio | J96: 02/10/2026 09:44 | K96: 13/10/2026 12:44 | M96: 13/10/2026 13:01 | N96: reprovado 14/10/2026 15:50 | O96: TELA SAMSUNG S23 PLUS - COM ARO - SKYTECH PRO - PRETO / TAMPA SAMSUNG S23 PLUS - PRETO / GAVETA DE CHIP SAMSUNG GALAXY S23 PLUS - PRETO
A97: PROD1 PRONTO | B97: Reprovado CQE - aguardando retrabalho | C97: EM_REPARO | D97: 354103136005281 | E97: OS008199 | F97: 1943173 | G97: SAMSUNG SM-S901E GALAXY S22 5G 128GB ROSE RECERTIFICADO | H97: Victor Guilherme | I97: aguardando_inicio | J97: 05/10/2026 16:01 | K97: 09/10/2026 10:21 | M97: 09/10/2026 11:06 | N97: reprovado 14/10/2026 10:50 | O97: BATERIA SAMSUNG GALAXY S22 5G - (EB-BS901ABY) - DEJI / TELA SAMSUNG S22 - COM ARO - SKYTECH PRO - PRETO / TAMPA SAMSUNG S22 - PRETO / GAVETA DE CHIP SAMSUNG S22 - PRETO
A98: AGUARDANDO PEÇAS (INDISPONÍVEIS) | B98: Pausado - pedido de peça | C98: REPARO_PAUSADO | D98: 355317515045861 | E98: OS000379 | F98: 63834 | G98: SAMSUNG GALAXY S21 PLUS 5G 128GB SILVER | H98: Victor Guilherme | I98: pausado | J98: 19/09/2026 13:12 | K98: 05/10/2026 09:50 | L98: 05/10/2026 09:51 | N98: reprovado 01/10/2026 10:35 | O98: TELA SAMSUNG S21 PLUS - COM ARO - SKYTECH PRO - PHANTOM BLACK (PRETO) / TAMPA SAMSUNG S21 PLUS - PRETO
A99: AGUARDANDO PEÇAS (INDISPONÍVEIS) | B99: Pausado - pedido de peça | C99: REPARO_PAUSADO | D99: 354103135267098 | E99: OS005532 | F99: 325348 | G99: SAMSUNG GALAXY S22 128GB GREEN | H99: Victor Guilherme | I99: pausado | J99: 28/09/2026 06:44 | K99: 01/10/2026 12:26 | L99: 01/10/2026 12:41 | O99: TAMPA SAMSUNG S22 - PRETO / PLACA SUB SAMSUNG S22 5G
A100: AGUARDANDO PEÇAS (INDISPONÍVEIS) | B100: Pausado - pedido de peça | C100: REPARO_PAUSADO | D100: 354103136141193 | E100: OS007166 | F100: 327590 | G100: SAMSUNG GALAXY S22 128GB WHITE | H100: Victor Guilherme | I100: pausado | J100: 28/09/2026 06:59 | K100: 02/10/2026 14:02 | L100: 02/10/2026 14:26 | O100: TAMPA SAMSUNG S22 - PRETO / GAVETA DE CHIP SAMSUNG S22 - PRETO
...
